cell,tau,regime,tilt,R,cens,G1_q05,psi,mass,tv,bias,bias_mcse,sd,sd_mcse,rmse,rmse_mcse,coverage,coverage_mcse,kurt4,tail_index,var_ratio_OW,var_ratio_lo,var_ratio_hi
0,1.0,good trt / good FU,CO c=0.1,2000,0.1358330143977436,0.7674852811322054,0.0153695548716507,0.9842662361876532,0.002021771846284,0.00034960667529181615,0.00023119347826177828,0.010339286666959123,0.00016714706235203532,0.010342612009766996,0.00016713799326143684,0.9525,0.00475624589355933,3.0907703369131534,4.0178538968222695,0.9966233019934586,0.9960456768537607,0.9972453375740116
0,1.0,good trt / good FU,CO c=0.3,2000,0.1358330143977436,0.7674852811322054,0.0155489312263525,0.9543822180303776,0.0058512932309521,0.00034865813294969857,0.00023048036770514753,0.010307395393357142,0.00016671870375585207,0.010310714867979548,0.00016671887249755006,0.953,0.004732388403332932,3.092959212944258,4.033720102032887,0.9904846640812447,0.9887786874603871,0.9921221567593896
0,1.0,good trt / good FU,CO c=1.0,2000,0.1358330143977436,0.7674852811322054,0.0160807513542128,0.8637257972836166,0.0173970286240269,0.000345085511560835,0.00022853429145861496,0.010220364217824253,0.00016560317465849186,0.010223634423868014,0.00016563308718711781,0.9545,0.004659922209651143,3.1003639594452332,4.036556022562443,0.9738288338101487,0.969110225536659,0.9786928198129389
0,1.0,good trt / good FU,IPW,2000,0.1358330143977436,0.7674852811322054,0.0152742521001218,4.0,0.0,0.0003496067648165086,0.00023158684606851564,0.010356878610079619,0.00016734445723766002,0.010360189523684315,0.00016732793968867802,0.9525,0.00475624589355933,3.0885981042909707,4.035314502556252,1.0000176282203674,0.9997126761898553,1.0003152662201213
0,1.0,good trt / good FU,OW,2000,0.1358330143977436,0.7674852811322054,0.0152742521001218,1.0,0.0,0.0003500405179462591,0.0002315848048635244,0.010356787324617289,0.00016738543962660504,0.01036011295931245,0.00016737167897029444,0.9525,0.00475624589355933,3.0896580545043957,4.029510559711506,1.0,1.0,1.0
0,1.0,good trt / good FU,OW trunc fix0.05,2000,0.1358330143977436,0.7674852811322054,0.0152742521001218,1.0,0.0,0.000350040517946259,0.0002315848048635244,0.010356787324617289,0.00016738543962660504,0.01036011295931245,0.00016737167897029444,0.9525,0.00475624589355933,3.0896580545043952,4.029510559711506,1.0000000000000002,1.0,1.0000000000000002
0,1.0,good trt / good FU,OW trunc fix0.10,2000,0.1358330143977436,0.7674852811322054,0.0152742521001218,1.0,0.0,0.000350040517946259,0.0002315848048635244,0.010356787324617289,0.00016738543962660504,0.01036011295931245,0.00016737167897029444,0.9525,0.00475624589355933,3.0896580545043952,4.029510559711506,1.0000000000000002,1.0,1.0000000000000002
0,1.0,good trt / good FU,OW trunc pct1,2000,0.1358330143977436,0.7674852811322054,0.0152742521001218,1.0,0.0,0.00021961062654018043,0.0002317449710786987,0.01036395017551386,0.0001675294165742114,0.010363685943533936,0.00016749737762732816,0.9525,0.00475624589355933,3.0903620206603324,4.057905352320095,1.0013836970132328,0.9992107630586278,1.0033495317348118
0,1.0,good trt / good FU,OW trunc pct5,2000,0.1358330143977436,0.7674852811322054,0.0152742521001218,1.0,0.0,-0.0002891324178978205,0.00023242945519085867,0.010394561235600027,0.0001680325164703205,0.010395983714111804,0.0001681828465679052,0.953,0.004732388403332932,3.0905681317315854,4.045820205753627,1.0073078253827121,1.0001763680966018,1.0139293419477196
0,1.0,good trt / good FU,naive e(1-e)G1G0,2000,0.1358330143977436,0.7674852811322054,0.0168501986675325,0.7478524556128909,0.0343298901087054,0.00033843354551377924,0.00022616846319786153,0.010114561161541557,0.00016438588297374666,0.010117694034786219,0.0001644609206771178,0.9545,0.004659922209651143,3.113123767183054,4.035861848480025,0.9537706928097074,0.9443903812752397,0.9629856286725179
1,1.0,good trt / poor FU,CO c=0.1,2000,0.1730707252167617,0.3162678689347405,0.0164624795486903,0.9621687481203198,0.0228356241366057,-6.493781070380097e-05,0.0002355541139309643,0.010534300222587327,0.00017367289524178136,0.010531866518251767,0.00017375098237020623,0.9515,0.004803527349771207,3.174416289377714,4.008658205332197,0.890888281740215,0.8467435578618003,0.9269470707724136
1,1.0,good trt / poor FU,CO c=0.3,2000,0.1730707252167617,0.3162678689347405,0.0175831777684936,0.9189926993264868,0.0450135439729419,-7.497589093665249e-05,0.0002316279399227281,0.010358716383109149,0.00017163914495942049,0.010356397780471874,0.00017171822455710404,0.9505,0.004850244839180801,3.1963967218538003,4.074484449992142,0.8614374506676722,0.8207590182150334,0.8975831834691377
1,1.0,good trt / poor FU,CO c=1.0,2000,0.1730707252167617,0.3162678689347405,0.0196806311331513,0.8256369262493766,0.0893446089195985,-0.00010366757828374295,0.00022626023780125028,0.010118665446577264,0.00016851408736943895,0.010116666629445391,0.00016858500032709085,0.952,0.004779958158812692,3.2187886633723934,4.053610600772327,0.8219744870782804,0.7795533475054196,0.8592073288115457
1,1.0,good trt / poor FU,IPW,2000,0.1730707252167617,0.3162678689347405,0.0152742521001218,4.0,0.0,-5.8496054505658935e-05,0.00024954785139354635,0.011160119187099709,0.00021298724925982544,0.011157482150043021,0.00021314271401211285,0.9515,0.004803527349771207,3.9137986029722183,3.9664088389952257,0.999883793623808,0.9995857180370767,1.0002141463245895
1,1.0,good trt / poor FU,OW,2000,0.1730707252167617,0.3162678689347405,0.0152742521001218,1.0,0.0,-5.898428112920104e-05,0.0002495623521831203,0.011160767682124,0.00021303437641172302,0.01115813304420308,0.0002131908855321079,0.9515,0.004803527349771207,3.9147494515410717,3.9534980570563727,1.0,1.0,1.0
1,1.0,good trt / poor FU,OW trunc fix0.05,2000,0.1730707252167617,0.3162678689347405,0.0152742521001218,1.0,0.0,-0.001911319632253992,0.0003444097273588792,0.01540247124973246,0.0003802570869535152,0.015516785919615412,0.0003839598676330422,0.952,0.004779958158812692,5.876001236688011,5.834503108933549,1.904551309943738,1.711006241470517,2.0914214589867357
1,1.0,good trt / poor FU,OW trunc fix0.10,2000,0.1730707252167617,0.3162678689347405,0.0152742521001218,1.0,0.0,-0.0028651544899663418,0.00032786064793838336,0.01466237391874703,0.0002597134992631656,0.014936091409068866,0.00026576841111640854,0.957,0.004536022486716751,3.5099811111374226,4.198138929537585,1.7259191402161866,1.6055155688582639,1.881878182376709
1,1.0,good trt / poor FU,OW trunc pct1,2000,0.1730707252167617,0.3162678689347405,0.0152742521001218,1.0,0.0,-0.0037687246728288367,0.0002868682048373792,0.012829136131994276,0.00020932693066905947,0.01336816091262681,0.00022195357479114938,0.958,0.00448530935387962,3.129832113042674,3.9838034911186093,1.3213159903495446,1.2353861885755644,1.4109377774568108
1,1.0,good trt / poor FU,OW trunc pct5,2000,0.1730707252167617,0.3162678689347405,0.0152742521001218,1.0,0.0,-0.007111210645579936,0.00028835265343950164,0.012895522691663287,0.00021713634338402682,0.014723473607959043,0.00024291473236665503,0.9295,0.005724061058374553,3.2681779643371427,3.9646927365865507,1.3350261227938474,1.2472430252881441,1.4351528192908043
1,1.0,good trt / poor FU,naive e(1-e)G1G0,2000,0.1730707252167617,0.3162678689347405,0.022101472877465,0.7230709265265521,0.1441928798272995,-0.00014011407945890465,0.0002239113922001973,0.010013621877925148,0.00016670823349992708,0.01001209861905918,0.0001667332942739578,0.9535,0.004708383480558906,3.2172859752599017,4.080270522849269,0.8049969592375712,0.7595779471750361,0.8518329424801122
2,1.0,poor trt / good FU,CO c=0.1,2000,0.1358210071007834,0.7675145608910077,0.0150727869007631,0.9842755847117828,0.0020846498972853,0.0004998828432843378,0.0003255762260251296,0.014560211465000519,0.0002287123513043562,0.014565151591507374,0.0002291048656511529,0.951,0.004826955562256609,2.9739395990245,3.8869314260599817,0.9972348512554048,0.9965544711569798,0.9979481570946346
2,1.0,poor trt / good FU,CO c=0.3,2000,0.1358210071007834,0.7675145608910077,0.0152541098360056,0.9544180771854766,0.0060314452152758,0.000499663712064298,0.00032476333109135734,0.014523857698390921,0.00022842037230761888,0.014528820841590743,0.0002288277696537368,0.9505,0.004850244839180801,2.9787716831513587,3.8898626770978852,0.9922612992178141,0.9901947810261588,0.9941147305080372
2,1.0,poor trt / good FU,CO c=1.0,2000,0.1358210071007834,0.7675145608910077,0.0157933178064073,0.8638973153872297,0.0179192807322929,0.000498217970852233,0.0003226081569062053,0.014427475378763866,0.00022783859675241225,0.014432470021739705,0.00022828882927978698,0.949,0.004919298730510276,2.99509645824108,3.893171835832538,0.9791354315092747,0.9727365501911638,0.9844636069512925
2,1.0,poor trt / good FU,IPW,2000,0.1358210071007834,0.7675145608910077,0.0152742521001218,7.624579967222103,0.2868287672223332,-0.0009526645486995493,0.000775955682270137,0.034701793061665105,0.004303212734435144,0.03470619403242208,0.0043031435282931945,0.961,0.004328914413568374,124.01888565126902,7.061098749176897,5.6645565141544605,3.5019054674451366,8.935142094686007
2,1.0,poor trt / good FU,OW,2000,0.1358210071007834,0.7675145608910077,0.0149765481372875,1.0,0.0,0.0004999203477275358,0.0003260272950420101,0.014580383884686295,0.00022888866945887466,0.014585308388298803,0.0002292732531471046,0.9515,0.004803527349771207,2.971517602339465,3.874719761931274,1.0,1.0,1.0
2,1.0,poor trt / good FU,OW trunc fix0.05,2000,0.1358210071007834,0.7675145608910077,0.0149765481372875,1.0,0.0,0.0004999203477275358,0.0003260272950420101,0.014580383884686295,0.00022888866945887466,0.014585308388298803,0.0002292732531471046,0.9515,0.004803527349771207,2.971517602339465,3.874719761931274,1.0,0.9999999999999999,1.0000000000000002
2,1.0,poor trt / good FU,OW trunc fix0.10,2000,0.1358210071007834,0.7675145608910077,0.0149765481372875,1.0,0.0,0.0004999203477275358,0.0003260272950420101,0.014580383884686295,0.00022888866945887466,0.014585308388298803,0.0002292732531471046,0.9515,0.004803527349771207,2.971517602339465,3.874719761931274,1.0,0.9999999999999999,1.0000000000000002
2,1.0,poor trt / good FU,OW trunc pct1,2000,0.1358210071007834,0.7675145608910077,0.0149765481372875,1.0,0.0,0.0003087963612137098,0.0003262461809000012,0.014590172757841925,0.0002287574798624554,0.01458979299804557,0.0002289790375866768,0.951,0.004826955562256609,2.966616711594861,3.8306707435602076,1.0013431963416963,0.9992369307755241,1.0034765584338559
2,1.0,poor trt / good FU,OW trunc pct5,2000,0.1358210071007834,0.7675145608910077,0.0149765481372875,1.0,0.0,-0.00040512806983285054,0.0003268695444537115,0.014618050423457766,0.00022854429472662807,0.014620009686612003,0.0002283862641614307,0.9435,0.005162739098579358,2.9554730918636793,3.7370808806733447,1.00517341551347,0.9989324769085028,1.0106838253184187
2,1.0,poor trt / good FU,naive e(1-e)G1G0,2000,0.1358210071007834,0.7675145608910077,0.0165282010057965,0.7479369081605314,0.0343513720808418,0.0005089708140646147,0.00031830286083522376,0.014234936685204317,0.0002261031912769619,0.014240476010658119,0.00022653769962599732,0.948,0.0049646752159632785,3.01833053963598,3.8648131409529567,0.9531761397962044,0.9447699093636015,0.9622238921734059
3,1.0,poor trt / poor FU,CO c=0.1,2000,0.1730507440843729,0.3163709154345627,0.0161315132061394,0.962396986372781,0.0226759200042807,0.0002506904869440597,0.000331702906465075,0.014834204943803244,0.0002366312088401519,0.014832614577910515,0.00023683350994073993,0.946,0.005053909377897473,3.0356611209844986,3.8849540030318024,0.9195308181853962,0.8825362870271554,0.949794398825685
3,1.0,poor trt / poor FU,CO c=0.3,2000,0.1730507440843729,0.3163709154345627,0.0172337454348324,0.9192851379907468,0.044859251873321,0.00024129755943743574,0.00032679393638710823,0.014614669127926319,0.00023164462272671948,0.014613007354890838,0.00023183929262340556,0.946,0.005053909377897473,3.00981673611063,3.8659209329657553,0.8925153923615429,0.8558209325879212,0.923494777241296
3,1.0,poor trt / poor FU,CO c=1.0,2000,0.1730507440843729,0.3163709154345627,0.0193065952320781,0.8260684979196359,0.0892209663173494,0.0002326603469041917,0.000320020477933374,0.014311750857019915,0.00022368777530300363,0.014310063952482363,0.00022385356949635073,0.948,0.0049646752159632785,2.9542897439335585,3.8362331530524387,0.8559004886537485,0.8169653885128606,0.8954897159799042
3,1.0,poor trt / poor FU,IPW,2000,0.1730507440843729,0.3163709154345627,0.0152742521001218,7.624579967222103,0.2868287672223332,0.0015431912321927574,0.0007311660021869503,0.03269873767453561,0.001686138574132405,0.032726965654708305,0.0016870543534562136,0.9495,0.0048964145045124596,22.27230447652722,7.769309932012647,4.467861625207078,3.6214071837123605,5.432507684254408
3,1.0,poor trt / poor FU,OW,2000,0.1730507440843729,0.3163709154345627,0.0149765481372875,1.0,0.0,0.00024874931635396856,0.00034591240140502145,0.015469672876036436,0.0002687270928419609,0.015467805265276588,0.0002685933540562788,0.9455,0.005075911248239078,3.4140743099585804,3.9956242061603087,1.0,1.0,1.0
3,1.0,poor trt / poor FU,OW trunc fix0.05,2000,0.1730507440843729,0.3163709154345627,0.0149765481372875,1.0,0.0,-0.0020179143939152828,0.0004831606614361776,0.021607601660501085,0.0007782561274912379,0.02169624354111329,0.0007871796523264349,0.951,0.004826955562256609,11.378198057403917,6.8071902934757675,1.9509712503606806,1.6910797569826532,2.2663763994505017
3,1.0,poor trt / poor FU,OW trunc fix0.10,2000,0.1730507440843729,0.3163709154345627,0.0149765481372875,1.0,0.0,-0.0029870093872744947,0.0004559842374623551,0.020392235032684645,0.0004838613641928144,0.020604794419821392,0.0004931216674861429,0.95,0.004873397172404485,5.504039826888193,5.15328603246626,1.7376703696938516,1.5791563284764423,1.9165962747722793
3,1.0,poor trt / poor FU,OW trunc pct1,2000,0.1730507440843729,0.3163709154345627,0.0149765481372875,1.0,0.0,-0.004335858736484699,0.00041374033440444983,0.018503030255236898,0.000321197107940033,0.018999753117992076,0.00032991054234288647,0.956,0.004586065852122058,3.4107241665547345,4.103856121338757,1.4306172509735688,1.3352222329404804,1.5311764399989092
3,1.0,poor trt / poor FU,OW trunc pct5,2000,0.1730507440843729,0.3163709154345627,0.0149765481372875,1.0,0.0,-0.008416761418436752,0.0004077321863538246,0.01823433770603528,0.0002844583783953266,0.020079011400386138,0.0003143338308696736,0.941,0.005268728499363013,2.946917098383008,3.926682393084279,1.3893693928779487,1.298893652976657,1.483771638595825
3,1.0,poor trt / poor FU,naive e(1-e)G1G0,2000,0.1730507440843729,0.3163709154345627,0.0217049428944394,0.7231782218527654,0.1442835464680876,0.0002385664061893982,0.0003156823551610133,0.014117744108745146,0.00021755861658425332,0.014116230279391533,0.00021768959514281214,0.948,0.0049646752159632785,2.8998178002093424,3.707393806602936,0.832852994098976,0.7907501174824222,0.8705867447053742
4,3.0,good trt / good FU,CO c=0.1,2000,0.3500199101522444,0.4520746616506416,0.1219606880290087,0.9461293738887264,0.0080396411526584,0.0005705015228334258,0.0010228079892571312,0.0457413638381764,0.0007574575453741913,0.0457334855612504,0.0007585098911669431,0.9425,0.005205465877325487,3.1937561951457782,3.8452448285934397,0.9925116619156851,0.9902642587617899,0.9949536298952097
4,3.0,good trt / good FU,CO c=0.3,2000,0.3500199101522444,0.4520746616506416,0.126310387929519,0.8558027107431861,0.0213363044727992,0.0006473290658322359,0.001018046786881306,0.045528436394836835,0.00075371286238923,0.04552165568405762,0.0007549448994830993,0.9425,0.005205465877325487,3.1924836818561166,3.8501350455091528,0.9832928248608342,0.9768631314727955,0.9893219226915683
4,3.0,good trt / good FU,CO c=1.0,2000,0.3500199101522444,0.4520746616506416,0.1358350604419044,0.6471589178222601,0.0514833848962479,0.0007733246312924981,0.0010125863733957434,0.045284239280057335,0.0007480959485871808,0.0452795210552769,0.0007495962430077518,0.94,0.005310367218940704,3.1832850425996333,3.810055876544136,0.9727730995555887,0.9612727249687469,0.9860979408281187
4,3.0,good trt / good FU,IPW,2000,0.3500199101522444,0.4520746616506416,0.1192872996506564,4.0,0.0,0.0005101657047104058,0.001026617397224123,0.045911725741540864,0.0007600864198932593,0.04590308144702756,0.0007610007043414702,0.9425,0.005205465877325487,3.1926468967130543,3.856611913494811,0.9999185706308327,0.9995045137385435,1.0002981416526897
4,3.0,good trt / good FU,OW,2000,0.3500199101522444,0.4520746616506416,0.1192872996506564,1.0,0.0,0.000512433807689048,0.0010266591981805257,0.04591359513714168,0.0007601892520194756,0.04590497552243562,0.0007611068973251186,0.9425,0.005205465877325487,3.1930616292742924,3.8517710093455957,1.0,1.0,1.0
4,3.0,good trt / good FU,OW trunc fix0.05,2000,0.3500199101522444,0.4520746616506416,0.1192872996506564,1.0,0.0,0.000512433807689048,0.0010266591981805257,0.04591359513714168,0.0007601892520194756,0.04590497552243562,0.0007611068973251186,0.9425,0.005205465877325487,3.1930616292742924,3.8517710093455957,1.0,1.0,1.0
4,3.0,good trt / good FU,OW trunc fix0.10,2000,0.3500199101522444,0.4520746616506416,0.1192872996506564,1.0,0.0,0.000512433807689048,0.0010266591981805257,0.04591359513714168,0.0007601892520194756,0.04590497552243562,0.0007611068973251186,0.9425,0.005205465877325487,3.1930616292742924,3.8517710093455957,1.0,1.0,1.0
4,3.0,good trt / good FU,OW trunc pct1,2000,0.3500199101522444,0.4520746616506416,0.1192872996506564,1.0,0.0,-0.0016914259689084616,0.0010279587464996868,0.04597171270477547,0.0007521666201844079,0.04599133170103043,0.0007499111704285917,0.939,0.005351588549206677,3.141591979308838,3.8042434654883968,1.0025332083081955,0.9963567282601399,1.0087133585847967
4,3.0,good trt / good FU,OW trunc pct5,2000,0.3500199101522444,0.4520746616506416,0.1192872996506564,1.0,0.0,-0.008267809283910877,0.0010400035463218487,0.0465103725283301,0.0007495789915211029,0.04722806173984705,0.0007486294892762335,0.929,0.005742778073371805,3.0779024877571928,3.781374430944199,1.026164616244846,1.0093697077004875,1.0438168833563126
4,3.0,good trt / good FU,naive e(1-e)G1G0,2000,0.3500199101522444,0.4520746616506416,0.1504006537385628,0.4275017971445652,0.0989960467498851,0.0008863624849506525,0.001017354232867194,0.04549746443776394,0.0007475839223959102,0.04549472385986302,0.0007492516830936835,0.937,0.00543281694887652,3.1599092493593917,3.8457790823876254,0.9819554565336795,0.9577805886140756,1.0075914117912426
5,3.0,good trt / poor FU,CO c=0.1,2000,0.3498655897954127,0.0316348090034598,0.1449831489990412,0.8798279573101104,0.0771832912346985,0.0018599737547757616,0.0010257585076721323,0.04587331503307255,0.0007380239074325315,0.045899546337364955,0.0007412374730276603,0.953,0.004732388403332932,3.0706685958439124,3.8857978269699505,0.5978650438799725,0.5344270187019712,0.6619695159097346
5,3.0,good trt / poor FU,CO c=0.3,2000,0.3498655897954127,0.0316348090034598,0.1590334754190946,0.7938383159834315,0.1199700746116373,0.0015674032930006665,0.0010213239535177708,0.04567499574229142,0.0007311902929386542,0.04569046822394381,0.0007339010846674859,0.95,0.004873397172404485,3.050188486719967,3.7497390950465093,0.5927068435305621,0.5307000529961063,0.6605931009524375
5,3.0,good trt / poor FU,CO c=1.0,2000,0.3498655897954127,0.0316348090034598,0.1793198974076691,0.6469568525251078,0.1880395711589279,0.0012600330832612998,0.00102902568669724,0.04601942772096859,0.0007382733931139252,0.04602517264793781,0.000740192945574245,0.9495,0.0048964145045124596,3.05893195369508,3.7733039331224765,0.601679670674799,0.5387688419796612,0.6716009534821079
5,3.0,good trt / poor FU,IPW,2000,0.3498655897954127,0.0316348090034598,0.1192872996506564,4.0,0.0,0.0025855324160888042,0.0013268363298641673,0.05933792457185224,0.0017451351445431722,0.05937940531634874,0.0017540023663175012,0.9485,0.004942051699446293,7.919638589555169,4.831756902239827,1.0003399538975928,0.9999250900235315,1.0008469504558677
5,3.0,good trt / poor FU,OW,2000,0.3498655897954127,0.0316348090034598,0.1192872996506564,1.0,0.0,0.0025876085948200907,0.0013266108557597367,0.0593278410633588,0.001744505743061457,0.05936942434550405,0.00175337947037821,0.9485,0.004942051699446293,7.916998869284544,4.82657132907071,1.0,1.0,1.0
5,3.0,good trt / poor FU,OW trunc fix0.05,2000,0.3498655897954127,0.0316348090034598,0.1192872996506564,1.0,0.0,-0.013807224272370747,0.0019613232543815636,0.08771304245296577,0.0017086374678778804,0.08877145075729662,0.0017189955648871358,0.9605,0.004355441998236229,4.035718430433959,4.875022673930044,2.185804226819354,1.9118177921116974,2.45355947104516
5,3.0,good trt / poor FU,OW trunc fix0.10,2000,0.3498655897954127,0.0316348090034598,0.1192872996506564,1.0,0.0,-0.019987804768463062,0.0016636782227391796,0.07440195197461684,0.0013213875796790923,0.07702204211695875,0.0013502710678470517,0.9515,0.004803527349771207,3.5233748396414653,4.348428268838615,1.5727205803736792,1.3901975406910656,1.781512734222212
5,3.0,good trt / poor FU,OW trunc pct1,2000,0.3498655897954127,0.0316348090034598,0.1192872996506564,1.0,0.0,-0.016376015262539553,0.0013952522831444446,0.06239757901745524,0.0010718879138418673,0.06449562011629068,0.0011013528186036375,0.9715,0.003720735814324901,3.3607677062751664,4.186420683209593,1.1061611211708549,0.9775469242253445,1.2534288836006546
5,3.0,good trt / poor FU,OW trunc pct5,2000,0.3498655897954127,0.0316348090034598,0.1192872996506564,1.0,0.0,-0.02715370545630039,0.001206588129632851,0.05396026157406767,0.0008908564895215166,0.0603951793956666,0.0009700444776771618,0.953,0.004732388403332932,3.18050652432358,3.8427044263772614,0.827239004235387,0.7396499988395782,0.9238974866838433
5,3.0,good trt / poor FU,naive e(1-e)G1G0,2000,0.3498655897954127,0.0316348090034598,0.2022888741670926,0.5039469880954844,0.2761397743110477,0.0009680961564845388,0.0010697029627835786,0.04783857081034019,0.0007718830425756419,0.04783640666809688,0.0007728512772967902,0.9435,0.005162739098579358,3.0827473668863683,3.8756551287449716,0.6501885297863473,0.5696508577524162,0.7253217777399512
6,3.0,poor trt / good FU,CO c=0.1,2000,0.3499938865544805,0.4521264039147608,0.1208359537043563,0.9461873506433304,0.0082755972743164,0.001657717124254343,0.0013948239177502056,0.0623784219346407,0.0009867701236457172,0.06238485405415791,0.0009859097127962169,0.955,0.004635461142108735,3.001949894007541,3.793179809782884,0.9937315922958407,0.9911035337166949,0.9964641754123563
6,3.0,poor trt / good FU,CO c=0.3,2000,0.3499938865544805,0.4521264039147608,0.1252767841264607,0.8560502468051894,0.0219383339763057,0.0017453217647545038,0.0013899808062343192,0.06216183140319803,0.000986222004450263,0.062170792055598285,0.0009851933814740705,0.9545,0.004659922209651143,3.0136860489168615,3.8508705070872358,0.9868426976760635,0.9796479733230246,0.9934415700726282
6,3.0,poor trt / good FU,CO c=1.0,2000,0.3499938865544805,0.4521264039147608,0.1350591527746047,0.6480155470954321,0.0528642173688536,0.0018775166253233789,0.0013876053940134142,0.06205559973918748,0.0009900890037848242,0.06206848700378571,0.0009886249003582556,0.9535,0.004708383480558906,3.0364629198361808,3.8169688783476334,0.983472643693633,0.9683615092594333,0.9979488585569638
6,3.0,poor trt / good FU,IPW,2000,0.3499938865544805,0.4521264039147608,0.1192872996506564,7.624579967222103,0.2868287672223332,0.002346142485845582,0.0028867149802842733,0.129097818551652,0.005842243800480053,0.12908686229040411,0.005829035793087193,0.9515,0.004803527349771207,17.38368284181421,5.265000987438361,4.256357883049632,3.506472825691964,5.071015990166973
6,3.0,poor trt / good FU,OW,2000,0.3499938865544805,0.4521264039147608,0.1181105153448256,1.0,0.0,0.0015907614028611782,0.001399216240720194,0.06257485258944126,0.0009877935512027875,0.06257942866743704,0.0009870348629307424,0.956,0.004586065852122058,2.993529605677098,3.794406585367523,1.0,1.0,1.0
6,3.0,poor trt / good FU,OW trunc fix0.05,2000,0.3499938865544805,0.4521264039147608,0.1181105153448256,1.0,0.0,0.0015907614028611782,0.001399216240720194,0.06257485258944126,0.0009877935512027877,0.06257942866743704,0.0009870348629307424,0.956,0.004586065852122058,2.9935296056770992,3.794406585367523,1.0,0.9999999999999999,1.0000000000000002
6,3.0,poor trt / good FU,OW trunc fix0.10,2000,0.3499938865544805,0.4521264039147608,0.1181105153448256,1.0,0.0,0.0015907614028611782,0.001399216240720194,0.06257485258944126,0.0009877935512027877,0.06257942866743704,0.0009870348629307424,0.956,0.004586065852122058,2.9935296056770992,3.794406585367523,1.0,0.9999999999999999,1.0000000000000002
6,3.0,poor trt / good FU,OW trunc pct1,2000,0.3499938865544805,0.4521264039147608,0.1181105153448256,1.0,0.0,-0.002640316698918396,0.0013942856562785167,0.0623543501498334,0.0009870709287371458,0.062394648988413355,0.0009901127153533404,0.954,0.0046842288586276416,3.004717560465189,3.7955114193514152,0.9929647797739094,0.9853155248333965,0.9996174225902329
6,3.0,poor trt / good FU,OW trunc pct5,2000,0.3499938865544805,0.4521264039147608,0.1181105153448256,1.0,0.0,-0.01457944904105089,0.001393452493424176,0.06231708997426073,0.0009889704593113665,0.06398467259703121,0.0010241161855674176,0.9385,0.005372045699731156,3.014848034417089,3.9845076136675472,0.9917784314997637,0.9760795818717146,1.0092073067678773
6,3.0,poor trt / good FU,naive e(1-e)G1G0,2000,0.3499938865544805,0.4521264039147608,0.1490620331949156,0.4276479676693382,0.0990617705235579,0.0018853410279278736,0.0013779135978209964,0.06162216943698108,0.000989893206723022,0.06163560359912551,0.0009878793482673723,0.9525,0.00475624589355933,3.064394565535569,3.852290276612928,0.9697823979663557,0.9479116317609334,0.992677381502891
7,3.0,poor trt / poor FU,CO c=0.1,2000,0.349840016353024,0.0316657408707478,0.1435913340430663,0.880465671608584,0.0767315482790527,0.0009563455666212441,0.0014468448377478514,0.06470486820197699,0.0010301334669882306,0.06469575879370681,0.0010306058022008146,0.944,0.005141206084179083,3.027697037600017,3.7983510439085455,0.5268455205979079,0.4355709279352972,0.6396523794100221
7,3.0,poor trt / poor FU,CO c=0.3,2000,0.349840016353024,0.0316657408707478,0.15763328687184,0.7945937268760733,0.1195566958435971,0.0009996385921589104,0.0014247192067056405,0.06371537990086773,0.0010163443482785332,0.0637072922702643,0.0010169725043311332,0.9445,0.005119558086397692,3.0355566158027596,3.9077780990526882,0.5108553334580862,0.4187667787877616,0.6119193764916981
7,3.0,poor trt / poor FU,CO c=1.0,2000,0.349840016353024,0.0316657408707478,0.1779658979340945,0.6479394502569601,0.1876621574082683,0.001068601151907013,0.0014198379366665286,0.06349708286838798,0.0010145468716363706,0.06349020004260807,0.0010156247688221799,0.9495,0.0048964145045124596,3.0423335496507233,3.8658439748262965,0.5073608187683232,0.4241669129604424,0.6015995190994234
7,3.0,poor trt / poor FU,IPW,2000,0.349840016353024,0.0316657408707478,0.1192872996506564,7.624579967222103,0.2868287672223332,-0.0017406969429450874,0.004126540162641884,0.1845444863110058,0.014551125379562425,0.1845065557640874,0.014553390468189185,0.953,0.004732388403332932,50.737162395156155,8.81743650874817,4.2855989446459475,3.2069629259843015,5.729959067663605
7,3.0,poor trt / poor FU,OW,2000,0.349840016353024,0.0316657408707478,0.1181105153448256,1.0,0.0,4.812796014602205e-05,0.001993335095247923,0.08914465549820748,0.004370253126090723,0.08912237954292228,0.004370402010228682,0.9505,0.004850244839180801,20.227045290702023,4.563091751669566,1.0,1.0,1.0
7,3.0,poor trt / poor FU,OW trunc fix0.05,2000,0.349840016353024,0.0316657408707478,0.1181105153448256,1.0,0.0,-0.01901300083990808,0.0028355474824461858,0.12680953848356127,0.004061670515643083,0.128195604143929,0.00419736761526278,0.962,0.004275277768753747,9.207209580614705,6.896618059927601,2.0235466550501133,1.6779744036772468,2.389398062298129
7,3.0,poor trt / poor FU,OW trunc fix0.10,2000,0.349840016353024,0.0316657408707478,0.1181105153448256,1.0,0.0,-0.023988416123724546,0.0023918065105115564,0.10696483893060811,0.0022309305115153226,0.10959562097635187,0.002366114808365224,0.9605,0.004355441998236229,4.480005980604802,5.522490515975156,1.439764500262391,1.1924485203256,1.7031636251337534
7,3.0,poor trt / poor FU,OW trunc pct1,2000,0.349840016353024,0.0316657408707478,0.1181105153448256,1.0,0.0,-0.02800058547824267,0.0020655556999543846,0.09237445912820327,0.0017323498210685092,0.09650288579106253,0.0018690896608775918,0.959,0.00443390347211123,3.8135676444881557,4.924708921336105,1.0737747694417514,0.8849057347679398,1.2948287212496032
7,3.0,poor trt / poor FU,OW trunc pct5,2000,0.349840016353024,0.0316657408707478,0.1181105153448256,1.0,0.0,-0.043198453203521524,0.0017506883973214347,0.07829316527661778,0.001267888653555895,0.08940280296693226,0.0014665751321088904,0.9415,0.0052477495176503994,3.0979953197673478,4.202843796436621,0.7713599405257757,0.6345804164133438,0.9473886525746457
7,3.0,poor trt / poor FU,naive e(1-e)G1G0,2000,0.349840016353024,0.0316657408707478,0.2006725274846519,0.504241294943083,0.2762218307919667,0.0012541937235934668,0.0014534246380551571,0.06499912581728719,0.0010340510280882197,0.06499497608068892,0.0010353809184506916,0.9515,0.004803527349771207,3.0246916737360863,3.8781407506427223,0.5316482756642702,0.43649047552024867,0.6523379395732782
8,5.0,good trt / good FU,CO c=0.1,2000,0.506786846280178,0.2662871910781968,0.2987969005369533,0.8980159354501658,0.0175117203560975,0.0006692654958602592,0.0018309584978744135,0.08188295330456186,0.001251200355944314,0.08186521574612789,0.0012514025940444302,0.956,0.004586065852122058,2.8679132778098846,3.7038711467882086,0.9947610520616471,0.9892628987511864,1.0008255549602951
8,5.0,good trt / good FU,CO c=0.3,2000,0.506786846280178,0.2662871910781968,0.3165690815444879,0.75142679119434,0.0418968039090047,0.0007977939423360831,0.0018316933700879402,0.08191581778904629,0.001250090929140116,0.08189922208800664,0.001250408335193396,0.953,0.004732388403332932,2.863106376214904,3.775910150793776,0.9955597254978791,0.9838151782832006,1.0074950005934746
8,5.0,good trt / good FU,CO c=1.0,2000,0.506786846280178,0.2662871910781968,0.3465221248734121,0.4875941341224763,0.0846102503072132,0.0008125211329490778,0.0018473111219226,0.08261426488420671,0.0012579116565968576,0.08259760525928207,0.0012583584671514293,0.9545,0.004659922209651143,2.854727813044007,3.6681979593086624,1.0126091847029415,0.9903769491585152,1.0367684371510695
8,5.0,good trt / good FU,IPW,2000,0.506786846280178,0.2662871910781968,0.28576590585537,4.0,0.0,0.00041306059027493156,0.0018356855061949643,0.08209435154326103,0.001254225018501066,0.08207486480696821,0.0012543386547084273,0.958,0.00448530935387962,2.8673010981175966,3.645944143473095,0.9999040563363221,0.9993973619178629,1.0004518579129136
8,5.0,good trt / good FU,OW,2000,0.506786846280178,0.2662871910781968,0.28576590585537,1.0,0.0,0.0004141321462317641,0.0018357735737285685,0.08209829004309603,0.001254540522685029,0.08207880767177886,0.0012546507545932528,0.9575,0.004510751046111944,2.8680614211615247,3.644984768740582,1.0,1.0,1.0
8,5.0,good trt / good FU,OW trunc fix0.05,2000,0.506786846280178,0.2662871910781968,0.28576590585537,1.0,0.0,0.0004141321462317641,0.0018357735737285685,0.08209829004309603,0.001254540522685029,0.08207880767177886,0.0012546507545932528,0.9575,0.004510751046111944,2.8680614211615247,3.644984768740582,1.0,1.0,1.0
8,5.0,good trt / good FU,OW trunc fix0.10,2000,0.506786846280178,0.2662871910781968,0.28576590585537,1.0,0.0,0.0003478841350646076,0.00183624047796573,0.08211917063536155,0.0012548746356225353,0.08209937533330042,0.0012549640605954457,0.9575,0.004510751046111944,2.8681061928824767,3.644984768740582,1.0005087376997255,0.9996207485682195,1.001531837360667
8,5.0,good trt / good FU,OW trunc pct1,2000,0.506786846280178,0.2662871910781968,0.28576590585537,1.0,0.0,-0.007648662384643629,0.0018447384879521228,0.08249921319542247,0.0012553690149768057,0.0828324764452271,0.0012604566865908602,0.9495,0.0048964145045124596,2.852393225602405,3.761380319352177,1.009790754395228,0.9984894165781683,1.0209659411238656
8,5.0,good trt / good FU,OW trunc pct5,2000,0.506786846280178,0.2662871910781968,0.28576590585537,1.0,0.0,-0.025163432278095414,0.0018830431160457458,0.08421224824082625,0.0013208425478525392,0.08787124231744964,0.0013727986822251322,0.918,0.006134981662564281,2.9680746323317218,3.773153129294373,1.0521612440772932,1.025726255886287,1.078038059194788
8,5.0,good trt / good FU,naive e(1-e)G1G0,2000,0.506786846280178,0.2662871910781968,0.3965176202804725,0.2507688339431424,0.1587358537841395,0.0005603739067880343,0.0019206773335315361,0.08589530161239102,0.0013118377677354208,0.08587565345649192,0.001312245902566737,0.955,0.004635461142108735,2.865999096385055,3.667980475317826,1.0946381871186392,1.0540577773262847,1.1346032673960713
9,5.0,good trt / poor FU,CO c=0.1,2000,0.4545108401584064,0.0031642833149083,0.3747966174681005,0.8087524552448683,0.1260603246737452,-0.0011586280251198978,0.001870587257497931,0.08365520531220552,0.0013126166335267436,0.08364231404044212,0.0013128482834843126,0.959,0.00443390347211123,2.9696082506807375,3.802191688056731,0.11234520167384199,0.04712508906569593,0.397361687030321
9,5.0,good trt / poor FU,CO c=0.3,2000,0.4545108401584064,0.0031642833149083,0.4121275282151184,0.7029921491691389,0.1780333087943647,-0.0016194151162061397,0.0018582564719540932,0.08310375581836568,0.0013092997944406778,0.08309875822972076,0.001309653971707519,0.953,0.004732388403332932,2.9857605686157043,3.795136514315363,0.11086893942968341,0.04672412636132195,0.38208696765171374
9,5.0,good trt / poor FU,CO c=1.0,2000,0.4545108401584064,0.0031642833149083,0.460783591694004,0.5413076200253193,0.2528605316936111,-0.002391154750750198,0.00189462356144822,0.0847301415034194,0.0013614614211027978,0.084742698221097,0.001362124802841188,0.9505,0.004850244839180801,3.0654981133327186,3.7784243118754905,0.11525093376737623,0.051834426754425185,0.41084613016756566
9,5.0,good trt / poor FU,IPW,2000,0.4545108401584064,0.0031642833149083,0.28576590585537,4.0,0.0,0.0048721719188887565,0.005581934530119161,0.24963170110599583,0.07084020921906367,0.24961683890150901,0.07091457381870539,0.954,0.0046842288586276416,645.2437067535528,6.261691010758638,1.0003870514634023,0.999904173767953,1.00252274780312
9,5.0,good trt / poor FU,OW,2000,0.4545108401584064,0.0031642833149083,0.28576590585537,1.0,0.0,0.004886403011514229,0.005580854595637468,0.2495834049677496,0.07086405501356992,0.2495688422693606,0.07093862859723303,0.9535,0.004708383480558906,645.9270258125948,6.278876670991877,1.0,1.0,1.0
9,5.0,good trt / poor FU,OW trunc fix0.05,2000,0.4545108401584064,0.0031642833149083,0.28576590585537,1.0,0.0,-0.031511688077533344,0.003568697213447321,0.15959699120764573,0.003006213408166481,0.16263901895986657,0.0030791371766861215,0.9605,0.004355441998236229,3.838443166074074,4.505286538579454,0.4089008266198454,0.16854738354335877,1.4247831890073528
9,5.0,good trt / poor FU,OW trunc fix0.10,2000,0.4545108401584064,0.0031642833149083,0.28576590585537,1.0,0.0,-0.04115957866325985,0.0029186027079560173,0.1305238810860924,0.002196738404164113,0.13682863811259166,0.0023103287719433907,0.9595,0.004407933189148855,3.2660355262925855,4.063537923905939,0.27349446859046606,0.1148016966386644,0.959318604222567
9,5.0,good trt / poor FU,OW trunc pct1,2000,0.4545108401584064,0.0031642833149083,0.28576590585537,1.0,0.0,-0.029792162707150845,0.0025233071634737456,0.11284572691278939,0.00204136298071164,0.1166848917478349,0.002137843460287664,0.975,0.003491060010942237,3.617943199404486,4.1337304712926,0.204427268738229,0.0845719422677222,0.7062876298172525
9,5.0,good trt / poor FU,OW trunc pct5,2000,0.4545108401584064,0.0031642833149083,0.28576590585537,1.0,0.0,-0.04473582234238599,0.0020475301899708356,0.09156833381515693,0.0014629364705414172,0.10189141857121575,0.0016122938208146377,0.9695,0.0038451105315712303,3.0419744190083535,3.572622877233216,0.13460438650030473,0.0626330535305355,0.5064130127212454
9,5.0,good trt / poor FU,naive e(1-e)G1G0,2000,0.4545108401584064,0.0031642833149083,0.516904140168378,0.3927715458881645,0.3551120090968177,-0.003409124403487752,0.0020375503206321644,0.09112202049020024,0.001501151748200075,0.09116300311039463,0.0015028040962182048,0.95,0.004873397172404485,3.1711633419826892,4.016434150490996,0.13329543347693876,0.05998881676802498,0.4827916496196067
10,5.0,poor trt / good FU,CO c=0.1,2000,0.5067542709684126,0.2663379895745526,0.2987502727864123,0.8982134710137876,0.0179796451718431,0.0005514767040742357,0.0025753027643972623,0.11517104087670808,0.0017956209132860708,0.11514356516475938,0.0017955763368632176,0.947,0.005009540897128201,2.944610888130029,3.807548839257561,0.9941966935043863,0.9870957349769632,1.0015207063938811
10,5.0,poor trt / good FU,CO c=0.3,2000,0.5067542709684126,0.2663379895745526,0.3169153367660158,0.7521466457761785,0.0429408060859959,0.0005288209136213309,0.002579371083709713,0.11535298164744438,0.001803935284247199,0.1153253522488739,0.0018038287038516971,0.9465,0.005031786462082825,2.9564747360030648,3.9175106444869106,0.9973403273074187,0.9839540212974676,1.01200166573389
10,5.0,poor trt / good FU,CO c=1.0,2000,0.5067542709684126,0.2663379895745526,0.3477747545582392,0.4891979802103647,0.0866309957858282,0.0002721415826775351,0.0026134600340088562,0.11687748585045431,0.0018409065292760835,0.11684857973640418,0.0018407670134349171,0.9495,0.0048964145045124596,2.984685703385894,3.867855029639651,1.0238762108901114,0.9981420149199801,1.0542369894993378
10,5.0,poor trt / good FU,IPW,2000,0.5067542709684126,0.2663379895745526,0.28576590585537,7.624579967222103,0.2868287672223332,-0.0029985868508663354,0.005604118055343313,0.25062377851363155,0.02022060370733009,0.25057905686703713,0.02023951077743728,0.95,0.004873397172404485,53.075527267914374,6.185889780107822,4.707933040014876,3.352661759440022,6.390569923003216
10,5.0,poor trt / good FU,OW,2000,0.5067542709684126,0.2663379895745526,0.2854358152207635,1.0,0.0,0.00046029659934535916,0.002582808082618084,0.11550668891139859,0.0017984812213778865,0.1154787260002566,0.0017984618802961757,0.95,0.004873397172404485,2.939489946722453,3.866230206611489,1.0,1.0,1.0
10,5.0,poor trt / good FU,OW trunc fix0.05,2000,0.5067542709684126,0.2663379895745526,0.2854358152207635,1.0,0.0,0.0004602965993453585,0.002582808082618084,0.11550668891139859,0.001798481221377886,0.1154787260002566,0.0017984618802961757,0.95,0.004873397172404485,2.939489946722452,3.866230206611489,1.0000000000000002,0.9999999999999999,1.0000000000000002
10,5.0,poor trt / good FU,OW trunc fix0.10,2000,0.5067542709684126,0.2663379895745526,0.2854358152207635,1.0,0.0,0.00030744640562652,0.002583114002678659,0.11552037007242111,0.0017983696394553558,0.11549189559016955,0.0017983577262748831,0.95,0.004873397172404485,2.9387899871353045,3.866230206611489,1.0002369035314287,0.9992597027593801,1.0016628615494263
10,5.0,poor trt / good FU,OW trunc pct1,2000,0.5067542709684126,0.2663379895745526,0.2854358152207635,1.0,0.0,-0.01908243387189931,0.0025902560126364357,0.1158397704676525,0.0017937387030876391,0.11737240850499246,0.0018150168486799783,0.9475,0.004987171041783106,2.918195943301302,3.8514001496694354,1.0057756274673146,0.9913875577766836,1.0189444202880265
10,5.0,poor trt / good FU,OW trunc pct5,2000,0.5067542709684126,0.2663379895745526,0.2854358152207635,1.0,0.0,-0.05895863155992398,0.002579092884851385,0.1153405402162747,0.001785293125763149,0.12951026497035767,0.0019593485627599355,0.903,0.006617816860566631,2.9166600475162587,3.6554301627082566,0.9971252020162467,0.9692561656524199,1.0244419897931263
10,5.0,poor trt / good FU,naive e(1-e)G1G0,2000,0.5067542709684126,0.2663379895745526,0.3962388686636502,0.2509148116442416,0.158835182461304,-0.0001923871140488078,0.0026895905420374518,0.12028214567272497,0.0019377320173493105,0.12025222527318347,0.001937844994351652,0.951,0.004826955562256609,3.076228192767053,4.075660005697576,1.0843963926062652,1.0439863980555864,1.1285811932885281
11,5.0,poor trt / poor FU,CO c=0.1,2000,0.4544753858565363,0.0031694416142599,0.3744625017438132,0.8097366196024407,0.1253645516283099,0.0015267889089409757,0.0027678415875497103,0.12378163881424177,0.0019953483340873065,0.12376010764724674,0.00199661911692295,0.939,0.005351588549206677,3.07881085531631,4.150289815331436,0.4084517610129022,0.34551462019806234,0.4967176552324949
11,5.0,poor trt / poor FU,CO c=0.3,2000,0.4544753858565363,0.0031694416142599,0.411962628851766,0.7041303936258657,0.1773773536879683,0.0012719455823778677,0.0027562660398788748,0.1232639645848662,0.001979891959383994,0.1232397087316466,0.0019811958708650258,0.9405,0.005289600646551685,3.0639572935862454,3.9151708990495937,0.4050424863471955,0.34139710582257576,0.48259976687764666
11,5.0,poor trt / poor FU,CO c=1.0,2000,0.4544753858565363,0.0031694416142599,0.4609497360750368,0.5426329362836879,0.2522140075756467,0.0009547509316810561,0.00280507269685174,0.12544666463978302,0.00204095977499695,0.12541893312316568,0.0020417537755747397,0.9435,0.005162739098579358,3.1175839665689327,3.914362022246448,0.41951409207718005,0.35046084172762737,0.5110857654362464
11,5.0,poor trt / poor FU,IPW,2000,0.4544753858565363,0.0031694416142599,0.28576590585537,7.624579967222103,0.2868287672223332,0.005461797563832514,0.006878281174033841,0.3076060854699346,0.019359819865177864,0.30757767197710556,0.019332241154543565,0.9485,0.004942051699446293,32.688579030196685,7.062654225540239,2.5224244204369883,1.9173722972066727,3.259050651623283
11,5.0,poor trt / poor FU,OW,2000,0.4544753858565363,0.0031694416142599,0.2854358152207635,1.0,0.0,0.002090484321845068,0.004330827083206002,0.19368047513691514,0.00908107516140735,0.19364333324629707,0.009072075530675256,0.95,0.004873397172404485,18.58704374142537,7.188887192746245,1.0,1.0,1.0
11,5.0,poor trt / poor FU,OW trunc fix0.05,2000,0.4544753858565363,0.0031694416142599,0.2854358152207635,1.0,0.0,-0.028857006671504266,0.005154284383242066,0.23050660512589674,0.005732285388263766,0.23224869255434358,0.005822888402046219,0.9615,0.004302194207610808,5.947420749024474,6.281878628903475,1.4164298331243372,1.1943531662610634,1.6884404031963476
11,5.0,poor trt / poor FU,OW trunc fix0.10,2000,0.4544753858565363,0.0031694416142599,0.2854358152207635,1.0,0.0,-0.038171237323894006,0.004168258570261187,0.18641019021800193,0.0037936723651514122,0.19023256292349147,0.003882925237378705,0.9615,0.004302194207610808,4.3133730058161435,4.676953723779224,0.9263340233221043,0.7675220727881764,1.0993145989986768
11,5.0,poor trt / poor FU,OW trunc pct1,2000,0.4544753858565363,0.0031694416142599,0.2854358152207635,1.0,0.0,-0.04727341223788863,0.0037421149498487625,0.167352468149601,0.003355823116670125,0.1738609233729037,0.0034493545662562628,0.9615,0.004302194207610808,4.216798563214628,4.360195911697079,0.7466078638235878,0.6252030348519589,0.9162007009034753
11,5.0,poor trt / poor FU,OW trunc pct5,2000,0.4544753858565363,0.0031694416142599,0.2854358152207635,1.0,0.0,-0.07830450645382306,0.003126277034136108,0.13981135929649535,0.002350209937268629,0.16021559946277505,0.0026124602408485525,0.9455,0.005075911248239078,3.2605722251264697,3.7920521434839345,0.5210905922588319,0.42540918588757753,0.6350706612810525
11,5.0,poor trt / poor FU,naive e(1-e)G1G0,2000,0.4544753858565363,0.0031694416142599,0.516444515190426,0.3931779618935218,0.35509497914238,0.0007263488010218758,0.0029692506858492733,0.13278892751593696,0.0021867362723618283,0.13275771316114968,0.002186893277655588,0.946,0.005053909377897473,3.169497120770234,4.237896573069739,0.4700586434278252,0.39540129508210853,0.5721710000183262
