cell,tau,regime,tilt,psi,mass,tv,cens,G1_q05
7,3.0,poor trt / poor FU,IPW,0.1192872996506564,7.624579967222103,0.2868287672223332,0.349840016353024,0.031665740870747895
7,3.0,poor trt / poor FU,OW,0.11811051534482561,1.0,0.0,0.349840016353024,0.031665740870747895
7,3.0,poor trt / poor FU,naive e(1-e)G1G0,0.20067252748465195,0.504241294943083,0.2762218307919667,0.349840016353024,0.031665740870747895
7,3.0,poor trt / poor FU,CO c=0.1,0.14359133404306632,0.880465671608584,0.0767315482790527,0.349840016353024,0.031665740870747895
7,3.0,poor trt / poor FU,CO c=0.3,0.15763328687184006,0.7945937268760733,0.11955669584359715,0.349840016353024,0.031665740870747895
7,3.0,poor trt / poor FU,CO c=1.0,0.1779658979340945,0.6479394502569601,0.1876621574082683,0.349840016353024,0.031665740870747895
7,3.0,poor trt / poor FU,OW trunc fix0.05,0.11811051534482561,1.0,0.0,0.349840016353024,0.031665740870747895
7,3.0,poor trt / poor FU,OW trunc fix0.10,0.11811051534482561,1.0,0.0,0.349840016353024,0.031665740870747895
7,3.0,poor trt / poor FU,OW trunc pct1,0.11811051534482561,1.0,0.0,0.349840016353024,0.031665740870747895
7,3.0,poor trt / poor FU,OW trunc pct5,0.11811051534482561,1.0,0.0,0.349840016353024,0.031665740870747895
