treatment,censoring,tau,tilt,se_known_tilt,kurt_IF,top10_share,max_absIF,psi,se,lo,hi,mass,TV,ESS
hormon,KM-year,5.0,IPW,0.3376634622491225,585.5081973364887,0.9469324652095201,600.3579018355878,0.4030686617224313,0.3376634622491225,-0.2587517242858489,1.0648890477307114,15.664135947533806,0.4898150986253992,2982.0
hormon,KM-year,5.0,OW,0.07461299237374595,34.9773489777929,0.27568558389112086,47.575828228466484,0.262035169911893,0.07555682988076795,0.11394378334558783,0.4101265564781982,1.0,0.0,1248.8751807184947
hormon,KM-year,5.0,naive,0.08198772849530472,41.14889725080592,0.2974803902207285,56.53464192509551,0.27595167776990653,0.08350724160370193,0.11227748422665076,0.43962587131316233,0.8219158282890257,0.0909964532601002,1244.7095396187797
hormon,KM-year,5.0,CO c=0.1,0.07502972925214406,35.37651503765787,0.2774587470093741,48.11430482422083,0.2628914850049167,0.07600529449537176,0.11392110779398806,0.41186186221584536,0.9876788138134258,0.005965678525858018,1252.106164129095
hormon,KM-year,5.0,CO c=0.3,0.07582719555749279,36.119554378763674,0.280592469281291,49.132854998660996,0.26450826200759897,0.07686417703550186,0.11385447501801532,0.4151620489971826,0.964972862966802,0.017024376983484992,1256.8441829030467
hormon,KM-year,5.0,CO c=1.0,0.0782908943779357,38.27738478608153,0.288512394138165,52.20681050305858,0.2693664647901341,0.07952295401423838,0.11350147492222687,0.42523145465804135,0.9006788830471758,0.04858516310199634,1261.2985621259638
hormon,KM-year,7.0,IPW,0.6843351970436626,431.5155539933321,0.94200097750145,1004.5861704766519,0.8113598185669173,0.6843351970436626,-0.5299371676386615,2.152656804772496,15.664135947533806,0.4898150986253992,2982.0
hormon,KM-year,7.0,OW,0.12118440211917547,23.971228945516735,0.20300410620331386,67.539741262703,0.3878252129125241,0.12342324778967109,0.14591564724476874,0.6297347785802794,1.0,0.0,1248.8751807184947
hormon,KM-year,7.0,naive,0.15930358552070314,38.10260249308094,0.28435331394467256,104.11007956953465,0.4914842506682916,0.16441362400070084,0.16923354762691795,0.8137349537096652,0.5610555079116548,0.25180862040061125,1040.6328028151975
hormon,KM-year,7.0,CO c=0.1,0.12662447025697363,25.97716045900798,0.21475769745262585,72.68760015405316,0.4023396627547034,0.12927052688253005,0.1489694300649445,0.6557098954444622,0.9196787695806011,0.04633588338615888,1249.77217494675
hormon,KM-year,7.0,CO c=0.3,0.1328428407654779,27.95964572315325,0.22692828776599744,78.14894792614825,0.4184022549685598,0.13590459009578715,0.152029258380817,0.6847752515563026,0.8363217315085907,0.09059181745782535,1221.9711455117392
hormon,KM-year,7.0,CO c=1.0,0.14371346891229533,31.96107507740704,0.25154353556284553,86.94534505597547,0.4502424104422581,0.14762630896312853,0.16089484487452616,0.73958997600999,0.6970535455988286,0.15965883958237795,1161.987777361433
hormon,KM-year,8.0,IPW,0.9030628707694439,358.7888001114884,0.9323797090644749,1147.5410219439586,0.9493576577479248,0.9030628707694439,-0.8206455689601853,2.7193608844560346,15.664135947533806,0.4898150986253992,2982.0
hormon,KM-year,8.0,OW,0.1914405440685924,315.339522000719,0.45385436115851174,325.2340236596086,0.2594645628750143,0.1931961212701691,-0.11919983481451712,0.6381289605645457,1.0,0.0,1248.8751807184947
hormon,KM-year,8.0,naive,0.2223006523882647,47.13484229994547,0.30727938465865984,172.68454324858521,0.6078248687227457,0.2299203866130563,0.15718091096115533,1.058468826484336,0.39951252055778014,0.3843060492391125,824.6922588011932
hormon,KM-year,8.0,CO c=0.1,0.1777902839351829,32.231840042868306,0.23553071620797805,126.01543427562177,0.4085105475790614,0.18177137334492588,0.052238655823006686,0.7647824393351161,0.7635863063398737,0.1724240017075196,1151.640305125332
hormon,KM-year,8.0,CO c=0.3,0.18658537933690308,29.21838554883471,0.22201008947613457,103.874385832936,0.46718833466320925,0.19142960146960347,0.09198631578278643,0.8423903535436321,0.6576752136849005,0.2319785233745424,1052.7266455424965
hormon,KM-year,8.0,CO c=1.0,0.2008521506979611,35.01771846738265,0.25298966790458727,129.2764499658814,0.5330546772043357,0.20688001653704804,0.12756984479172156,0.93853950961695,0.5225177341298783,0.3088823161578192,960.3445117733078
