treatment,tau,censoring,treated,PS_in_01_09,G1_q05,G1_q10,G1_q50,G0_q05,equip_G1_lt10,equip_G1_lt05,n_equip,mass CO c=0.1,TV CO c=0.1,mass CO c=0.3,TV CO c=0.3,mass CO c=1.0,TV CO c=1.0,mass naive,TV naive
hormon,5,KM-by-year,339,0.2796780684104628,0.7043638578936607,0.7813677728282102,0.9865698729582577,0.7043638578936607,0.0,0.0,469,0.9876326585291599,0.005992907175996522,0.9648502846869833,0.01709815463665289,0.900393840157197,0.04876518407581977,0.8214753472513187,0.0913032451043509
hormon,5,Cox,339,0.2796780684104628,0.7090531918220847,0.7899698716355739,0.9765393411542719,0.764190404476215,0.0,0.0,469,0.9853773334572552,0.006642717720972016,0.9588660217589587,0.01876039225064587,0.8858001518900148,0.0526119898528818,0.8033369109670863,0.09458929394170831
hormon,7,KM-by-year,339,0.2796780684104628,0.12866633280148784,0.4857432694535283,0.9527703670069967,0.12866633280148784,0.0,0.0,469,0.9185800481952063,0.047191135473030554,0.8351220618571737,0.09159519650260903,0.6960794964745803,0.16048343365249568,0.5603006946633678,0.25255363009377774
hormon,7,Cox,339,0.2796780684104628,0.19915233875664634,0.3307141197084818,0.8945620709537956,0.3371907096729135,0.09594882729211088,0.0255863539445629,469,0.9021549034464919,0.05446897097770009,0.8019733821051448,0.10893523239478128,0.6428448582138081,0.1931466245253956,0.506675473601586,0.28790834017515055
hormon,8,KM-by-year,339,0.2796780684104628,0.03661435069940232,0.04020822900046495,0.8726007456553964,0.03661435069940232,0.36886993603411516,0.36886993603411516,469,0.7577283607831484,0.17901084445663804,0.654364685414526,0.2358326822649828,0.5209419785392414,0.31104146266756355,0.3988639443041472,0.38493082480608043
hormon,8,Cox,339,0.2796780684104628,0.021374523795593722,0.07158422239174315,0.766802277043459,0.0843922986199574,0.34328358208955223,0.27505330490405117,469,0.7329007955111042,0.1794710445143224,0.6126263193581963,0.24797551744958213,0.45695525320357794,0.3300021921896533,0.33437628263695995,0.4324242946073268
chemo,5,KM-by-year,580,0.4694835680751174,0.7043638578936607,0.7813677728282102,0.9865698729582577,0.7043638578936607,0.0,0.0,775,0.992811082258953,0.0041220914231245515,0.9794520439067644,0.011872681091873657,0.9407637788385133,0.034946709275712626,0.8925205534179043,0.06584963332518533
chemo,5,Cox,580,0.4694835680751174,0.7870257624712633,0.848683720639743,0.978841331907969,0.7560077417986337,0.0,0.0,775,0.993650580780977,0.003194373127487822,0.9816106984894061,0.009247287438534153,0.9450189007030494,0.02767269069178123,0.8979960983257795,0.052967784004334634
chemo,7,KM-by-year,580,0.4694835680751174,0.12866633280148784,0.4857432694535283,0.9527703670069967,0.12866633280148784,0.0,0.0,775,0.9560167822706832,0.02765478255681333,0.9060991777059161,0.05687971828108293,0.8121062279754699,0.11493351148662512,0.7142986925729361,0.1836067810208874
chemo,7,Cox,580,0.4694835680751174,0.29032880492310537,0.42859404685105595,0.8954443465329684,0.3338010476710163,0.0,0.0,775,0.9618222060040598,0.021393150045642118,0.9071615734595032,0.05141439314769313,0.7974220616762423,0.11054258969672277,0.6924341821008502,0.17592583610950216
chemo,8,KM-by-year,580,0.4694835680751174,0.03661435069940232,0.04020822900046495,0.8726007456553964,0.03661435069940232,0.17161290322580644,0.17161290322580644,775,0.8613660796913685,0.10454755475291419,0.791642875441468,0.1473321642944772,0.6835431769780302,0.19654073172791042,0.5752415864068064,0.27395397386986675
chemo,8,Cox,580,0.4694835680751174,0.09954742984976617,0.20586780377815378,0.8138207651582507,0.07802558856879827,0.08387096774193549,0.0012903225806451613,775,0.9045584872002664,0.060133276322155545,0.819153244418601,0.10860823304915215,0.6839185329879955,0.1811588757239348,0.5577391524592342,0.2639151445308527
